{"ndt": 5, "nm": 19713, "ns": 630, "n_firms": 195, "n_workers": 10000, "var_y": 1.955775705422643, "y1s_y1s": -0.0020296233851246526, "y1s_y1s_count": 603, "y1s_var": 0.4204086811238571, "y1s_var_count": 630, "y1m_var": 0.958155088066015, "y1m_var_count": 19713, "y2m_var": 0.9655137137112283, "y2m_var_count": 19713, "y1s_y1m1": -0.0008425270420300091, "y1s_y1m1_count": 630, "y1s_y2m1": -0.00047517257993820775, "y1s_y2m1_count": 630, "y1m1_y1m1": -0.001489619316002171, "y1m1_y1m1_count": 19713, "y2m1_y1m1": -0.00039701237723729406, "y2m1_y1m1_count": 19713, "y2m1_y2m1": -0.0012848170824498594, "y2m1_y2m1_count": 19713, "y1s_y1m2": 0.0003897340675476391, "y1s_y1m2_count": 630, "y1s_y2m2": -0.0006979756559792308, "y1s_y2m2_count": 630, "y1m2_y1m2": -0.0003251687816175745, "y1m2_y1m2_count": 19713, "y2m2_y1m2": 0.0010582231788338473, "y2m2_y1m2_count": 19713, "y2m2_y2m2": 0.0003195640557623281, "y2m2_y2m2_count": 19713, "dym_dym": 1.5521873641044606, "dym_dym_count": 16359, "y1m_y2m": 0.1902021981476411, "y1m_y2m_count": 16359, "cov_Am1Am1": -0.0012848170824498594, "cov_Am1Psi1": 0.0008878047052125653, "var_psi_m1": -0.001980411643977442, "cov_Am2Am2": -0.0003251687816175745, "cov_Am2Psi2": 0.0013833919604514218, "var_psi_m2": -0.002122051083522941, "cov_AsAm1": -0.001362977285150773, "cov_AsAm2": -0.0009936578929037828, "psi_plus_cov1": -0.0003673544620918013, "psi_plus_cov2": -0.00108770972352687, "var_psi": -0.0020512313637501916, "cov_AsPsi1": 0.0005961671781315203, "cov_AsAs": -0.0011707263776375015, "var_eps": 1.556289826831961, "var_bw": 0.6005077280787429, "cov_bw": 0.1697753140210612, "var_wt": -0.0020512313637501916, "cov_wt": 0.0008787730165697368, "tot_var": 0.5984564967149927}