{"ndt": 5, "nm": 19712, "ns": 694, "n_firms": 204, "n_workers": 10000, "var_y": 4.417328766165012, "y1s_y1s": 0.2585682006252842, "y1s_y1s_count": 667, "y1s_var": 0.8548599868667179, "y1s_var_count": 694, "y1m_var": 1.265182654736391, "y1m_var_count": 19712, "y2m_var": 1.2474142740463343, "y2m_var_count": 19712, "y1s_y1m1": 0.19625269373698068, "y1s_y1m1_count": 694, "y1s_y2m1": 0.06574542299235873, "y1s_y2m1_count": 694, "y1m1_y1m1": 0.1443810682222756, "y1m1_y1m1_count": 19712, "y2m1_y1m1": 0.04808749361572961, "y2m1_y1m1_count": 19712, "y2m1_y2m1": 0.010255298924803848, "y2m1_y2m1_count": 19712, "y1s_y1m2": 0.07405879601315349, "y1s_y1m2_count": 694, "y1s_y2m2": 0.1980267274506461, "y1s_y2m2_count": 694, "y1m2_y1m2": 0.010452037098509628, "y1m2_y1m2_count": 19712, "y2m2_y1m2": 0.04114425266971235, "y2m2_y1m2_count": 19712, "y2m2_y2m2": 0.14759356175587549, "y2m2_y2m2_count": 19712, "dym_dym": 1.721194147781034, "dym_dym_count": 11200, "y1m_y2m": 0.3726538923175054, "y1m_y2m_count": 11200, "cov_Am1Am1": 0.010255298924803848, "cov_Am1Psi1": 0.03783219469092576, "var_psi_m1": 0.058461379915620226, "cov_Am2Am2": 0.010452037098509628, "cov_Am2Psi2": 0.03069221557120272, "var_psi_m2": 0.0757570935149604, "cov_AsAm1": 0.027913228301432974, "cov_AsAm2": 0.04336658044195077, "psi_plus_cov1": 0.13050727074462193, "psi_plus_cov2": 0.1239679314374926, "var_psi": 0.06710923671529032, "cov_AsPsi1": 0.18736596546682419, "cov_AsAs": -0.1832729670236545, "var_eps": 1.5869756743504533, "var_bw": 0.8623033746550748, "cov_bw": 0.7617039582255657, "var_wt": 0.06710923671529032, "cov_wt": 0.042917779171885946, "tot_var": 0.9294126113703651}