{"ndt": 5, "nm": 19876, "ns": 637, "n_firms": 204, "n_workers": 10000, "var_y": 4.268387852289748, "y1s_y1s": 0.2390661420662116, "y1s_y1s_count": 616, "y1s_var": 0.8038008964188614, "y1s_var_count": 637, "y1m_var": 1.230176538163192, "y1m_var_count": 19876, "y2m_var": 1.2519853788003374, "y2m_var_count": 19876, "y1s_y1m1": 0.17880851821174365, "y1s_y1m1_count": 637, "y1s_y2m1": 0.05662417448655544, "y1s_y2m1_count": 637, "y1m1_y1m1": 0.12238972218071109, "y1m1_y1m1_count": 19876, "y2m1_y1m1": 0.04363686855501308, "y2m1_y1m1_count": 19876, "y2m1_y2m1": 0.013203297724287959, "y2m1_y2m1_count": 19876, "y1s_y1m2": 0.05597283571379801, "y1s_y1m2_count": 637, "y1s_y2m2": 0.17544260232071415, "y1s_y2m2_count": 637, "y1m2_y1m2": 0.014152595861972855, "y1m2_y1m2_count": 19876, "y2m2_y1m2": 0.03967519417887524, "y2m2_y1m2_count": 19876, "y2m2_y2m2": 0.11923194675027982, "y2m2_y2m2_count": 19876, "dym_dym": 1.6915972285228225, "dym_dym_count": 11331, "y1m_y2m": 0.39446523781736875, "y1m_y2m_count": 11331, "cov_Am1Am1": 0.013203297724287959, "cov_Am1Psi1": 0.03043357083072512, "var_psi_m1": 0.048319282794972884, "cov_Am2Am2": 0.014152595861972855, "cov_Am2Psi2": 0.025522598316902383, "var_psi_m2": 0.05403415425450219, "cov_AsAm1": 0.02619060365583032, "cov_AsAm2": 0.03045023739689563, "psi_plus_cov1": 0.12218434372518822, "psi_plus_cov2": 0.11946976660691613, "var_psi": 0.05117671852473754, "cov_AsPsi1": 0.1904773918073668, "cov_AsAs": -0.19306536007325956, "var_eps": 1.5892437914733475, "var_bw": 0.8554395145817595, "cov_bw": 0.7267937368814125, "var_wt": 0.05117671852473754, "cov_wt": 0.03540348814960197, "tot_var": 0.9066162331064971}