{"cores": 1, "ndp": 50, "ndt": 5, "nm": 2, "ns": 1, "n_firms": 3, "n_workers": 3, "n_movers": 2, "mover_quantiles": [1.0, 1.0, 1.0, 1.0, 1.0, 1.25, 1.5000000000000002, 1.75, 2.0, 2.0, 2.0], "size_quantiles": [1.0, 1.0, 1.3333333333333333, 1.6666666666666667, 2.0, 2.0, 2.0, 2.0, 2.0, 2.0, 2.0], "between_firm_var": 0.9400000000000001, "var_y": 2.0, "solver_time": 0.001632956999998214, "tot_var": 1.44, "eps_var_ho": Infinity, "eps_var_fe": 1.2621774483536194e-31, "tr_var_ho": 1.0333333333333328, "tr_cov_ho": -0.7, "var_fe": 0.6666666666666664, "cov_fe": 0.49999999999999917, "var_ho": -Infinity, "cov_ho": Infinity, "total_time": 0.03003716468811035}