{"ndt": 5, "ndp": 50, "cores": 1, "nm": 19876, "ns": 637, "n_firms": 204, "n_workers": 10000, "n_movers": 9363, "mover_quantiles": [129.0, 156.38544303797468, 165.02536873156342, 174.0, 183.0, 190.13541666666666, 200.5858880778589, 214.87281105990786, 240.0, 281.30867256637174, 360.0], "size_quantiles": [131.0, 158.0, 168.0, 177.50253521126763, 184.72411924119243, 193.14470284237726, 203.0, 217.0, 243.56960985626284, 285.30867256637174, 364.0], "between_firm_var": 3.1197663529640947, "var_y": 4.268387852289748, "solver_time": 0.0031059040000087634, "tot_var": 4.274575946421607, "eps_var_ho": 0.7863705153520473, "eps_var_fe": 0.38303169547453086, "tr_var_ho": 0.012957130793516602, "tr_cov_ho": -0.006301516307090009, "tr_var_he": 0.0, "tr_cov_he": 0.0, "var_fe": 1.2238574181478477, "cov_fe": 0.723796686929343, "var_ho": 1.2136683125282661, "cov_ho": 0.7287520135552487, "total_time": 0.0786600112915039}