{"ndt": 5, "nm": 19859, "ns": 609, "n_firms": 203, "n_workers": 10000, "var_y": 4.235259049673321, "y1s_y1s": 0.2428686887125493, "y1s_y1s_count": 582, "y1s_var": 0.7528993836501113, "y1s_var_count": 609, "y1m_var": 1.2489635867898803, "y1m_var_count": 19859, "y2m_var": 1.2275369167162673, "y2m_var_count": 19859, "y1s_y1m1": 0.1812586415482316, "y1s_y1m1_count": 609, "y1s_y2m1": 0.06470421897383487, "y1s_y2m1_count": 609, "y1m1_y1m1": 0.1335979500984276, "y1m1_y1m1_count": 19859, "y2m1_y1m1": 0.04812197877399125, "y2m1_y1m1_count": 19859, "y2m1_y2m1": 0.017081944420152248, "y2m1_y2m1_count": 19859, "y1s_y1m2": 0.05451281762392453, "y1s_y1m2_count": 609, "y1s_y2m2": 0.17595323625902168, "y1s_y2m2_count": 609, "y1m2_y1m2": 0.01474999503271254, "y1m2_y1m2_count": 19859, "y2m2_y1m2": 0.0425677037271505, "y2m2_y1m2_count": 19859, "y2m2_y2m2": 0.13735621450292934, "y2m2_y2m2_count": 19859, "dym_dym": 1.6975419365565645, "dym_dym_count": 11207, "y1m_y2m": 0.35575548651900973, "y1m_y2m_count": 11207, "cov_Am1Am1": 0.017081944420152248, "cov_Am1Psi1": 0.031040034353839, "var_psi_m1": 0.05443593697059734, "cov_Am2Am2": 0.01474999503271254, "cov_Am2Psi2": 0.02781770869443796, "var_psi_m2": 0.06697080208134087, "cov_AsAm1": 0.03366418461999587, "cov_AsAm2": 0.02669510892948657, "psi_plus_cov1": 0.11655442257439673, "psi_plus_cov2": 0.12144041863509715, "var_psi": 0.06070336952596911, "cov_AsPsi1": 0.17729147168352477, "cov_AsAs": -0.17241762418046935, "var_eps": 1.5761351975046263, "var_bw": 0.9064354624219334, "cov_bw": 0.715610083835617, "var_wt": 0.06070336952596911, "cov_wt": 0.03539156480790284, "tot_var": 0.9671388319479025}