{"ndt": 5, "nm": 19639, "ns": 688, "n_firms": 204, "n_workers": 10000, "var_y": 4.284174858114449, "y1s_y1s": -0.03743027275333268, "y1s_y1s_count": 662, "y1s_var": 0.490591441703573, "y1s_var_count": 688, "y1m_var": 1.004523717662546, "y1m_var_count": 19639, "y2m_var": 1.0094083364040407, "y2m_var_count": 19639, "y1s_y1m1": 0.0006126905217549406, "y1s_y1m1_count": 688, "y1s_y2m1": -0.004712879592101341, "y1s_y2m1_count": 688, "y1m1_y1m1": -0.003901479725657771, "y1m1_y1m1_count": 19639, "y2m1_y1m1": 0.0001711177508046962, "y2m1_y1m1_count": 19639, "y2m1_y2m1": -0.0008446336049905842, "y2m1_y2m1_count": 19639, "y1s_y1m2": -0.0018892674550470248, "y1s_y1m2_count": 688, "y1s_y2m2": -0.0013076264495224317, "y1s_y2m2_count": 688, "y1m2_y1m2": 0.0008593930965937528, "y1m2_y1m2_count": 19639, "y2m2_y1m2": 0.0006240408185124055, "y2m2_y1m2_count": 19639, "y2m2_y2m2": -0.0038861956928424217, "y2m2_y2m2_count": 19639, "dym_dym": 1.5484218357459654, "dym_dym_count": 18677, "y1m_y2m": 0.22865189426594834, "y1m_y2m_count": 18677, "cov_Am1Am1": -0.0008446336049905842, "cov_Am1Psi1": 0.0010157513557952805, "var_psi_m1": -0.005088348832257748, "cov_Am2Am2": 0.0008593930965937528, "cov_Am2Psi2": -0.00023535227808134732, "var_psi_m2": -0.00427488423327348, "cov_AsAm1": -0.005728630947896621, "cov_AsAm2": -0.0016539151769656775, "psi_plus_cov1": 0.005325570113856281, "psi_plus_cov2": 0.0005816410055245931, "var_psi": -0.004681616532765614, "cov_AsPsi1": 0.010588827652146488, "cov_AsAs": -0.05392631152486004, "var_eps": 1.5577850688114967, "var_bw": 1.2982742121176214, "cov_bw": 0.725532884573429, "var_wt": -0.004681616532765614, "cov_wt": 0.0013397675161676732, "tot_var": 1.2935925955848557}