{"cores": 1, "ndp": 50, "ndt": 5, "nm": 19713, "ns": 630, "n_firms": 195, "n_workers": 10000, "n_movers": 9370, "mover_quantiles": [149.0, 181.39785522788205, 190.0, 194.0, 199.93316953316955, 204.46153846153845, 210.0, 214.0, 218.0, 224.0, 244.0], "size_quantiles": [154.0, 185.20539083557952, 193.0, 198.0, 201.94739454094292, 208.0, 213.0, 217.0, 221.4844243792325, 227.338021978022, 246.0], "between_firm_var": 0.9965970116172379, "var_y": 1.955775705422643, "solver_time": 0.0029787089999899763, "tot_var": 1.9624273668571182, "eps_var_ho": 0.7705285421141552, "eps_var_fe": 0.37547300313376764, "tr_var_ho": 0.00529244725382251, "tr_cov_ho": 0.00036518069265379976, "var_fe": 0.6084045763441671, "cov_fe": 0.16573089981708436, "var_ho": 0.6043265946774632, "cov_ho": 0.1654495176703656, "total_time": 0.07094001770019531}