{"ndt": 5, "ndp": 50, "cores": 1, "nm": 19712, "ns": 694, "n_firms": 204, "n_workers": 10000, "n_movers": 9306, "mover_quantiles": [129.0, 152.50032362459547, 160.0, 167.73982300884956, 177.58076923076925, 189.13802083333334, 203.20291262135925, 217.99592760180997, 240.14560327198367, 290.19394957983195, 352.0], "size_quantiles": [130.0, 155.0, 162.0, 170.74721407624634, 180.58836565096954, 193.14728682170542, 206.0, 221.0, 245.04032586558046, 296.596974789916, 362.0], "between_firm_var": 3.262735822186836, "var_y": 4.417328766165012, "solver_time": 0.01288958600002843, "tot_var": 4.408024479972765, "eps_var_ho": 0.787493604600387, "eps_var_fe": 0.382950613992446, "tr_var_ho": 0.012570432157668754, "tr_cov_ho": -0.008187089488349428, "tr_var_he": 0.0, "tr_cov_he": 0.0, "var_fe": 1.3007443861963826, "cov_fe": 0.7585876776050507, "var_ho": 1.2908452512651554, "cov_ho": 0.765034958217417, "total_time": 0.2573068141937256}