{"ndt": 5, "ndp": 50, "cores": 1, "nm": 19859, "ns": 609, "n_firms": 203, "n_workers": 10000, "n_movers": 9391, "mover_quantiles": [136.0, 157.25900621118012, 164.87701492537315, 173.0, 182.0, 190.0, 202.57342995169085, 219.50876404494386, 244.68727272727273, 273.2940754039497, 399.0], "size_quantiles": [136.0, 160.0, 166.92132132132133, 176.0, 185.80485175202156, 193.14470284237726, 207.0, 224.0214285714286, 247.68727272727273, 278.0980251346499, 402.0], "between_firm_var": 3.1086531873565013, "var_y": 4.235259049673321, "solver_time": 0.018002503000001724, "tot_var": 4.2352809086463425, "eps_var_ho": 0.7793348008003401, "eps_var_fe": 0.37987909289885896, "tr_var_ho": 0.009675257221480476, "tr_cov_ho": -0.004198176813606508, "tr_var_he": 0.0, "tr_cov_he": 0.0, "var_fe": 1.322843031796688, "cov_fe": 0.6990875368525225, "var_ho": 1.3153027671372934, "cov_ho": 0.7023593221432791, "total_time": 0.18074488639831543}