{"ndt": 5, "ndp": 50, "cores": 1, "nm": 19630, "ns": 664, "n_firms": 204, "n_workers": 10000, "n_movers": 9336, "mover_quantiles": [123.0, 152.10614886731392, 164.11488095238096, 171.51412103746398, 179.0, 189.30310880829015, 205.0, 216.0, 232.0, 283.0090909090909, 354.0], "size_quantiles": [126.0, 154.0, 166.12492492492493, 174.0, 181.0611570247934, 193.0, 207.65288461538466, 220.9469387755102, 236.0, 291.0, 359.0], "between_firm_var": 3.21093122250083, "var_y": 4.344412921647283, "solver_time": 0.022015563999985943, "tot_var": 4.3497896771449565, "eps_var_ho": 0.7834209993595774, "eps_var_fe": 0.3812122972286973, "tr_var_ho": 0.005888852490088634, "tr_cov_ho": 0.0006366472264028516, "tr_var_he": 0.0, "tr_cov_he": 0.0, "var_fe": 1.2921354930695654, "cov_fe": 0.7425893165553473, "var_ho": 1.287522042366699, "cov_ho": 0.7420905537489993, "total_time": 0.20961403846740723}