{"ndt": 5, "nm": 1507537, "ns": 672747, "n_firms": 263715, "n_workers": 1506327, "var_y": 1.0487516800929606, "y1s_y1s": 0.08263752427661845, "y1s_y1s_count": 640969, "y1s_var": 0.7502969528916638, "y1s_var_count": 659665, "y1m_var": 0.5946230135325623, "y1m_var_count": 1507537, "y2m_var": 0.5692988151080989, "y2m_var_count": 1507537, "y1s_y1m1": 0.006208992481288202, "y1s_y1m1_count": 659665, "y1s_y2m1": 0.008998051633569181, "y1s_y2m1_count": 659665, "y1m1_y1m1": 0.020599154581254796, "y1m1_y1m1_count": 1340420, "y2m1_y1m1": 0.010027376778791145, "y2m1_y1m1_count": 1340420, "y2m1_y2m1": 0.007357334854992706, "y2m1_y2m1_count": 1340420, "y1s_y1m2": -0.00742572706686212, "y1s_y1m2_count": 659665, "y1s_y2m2": 0.0069309093225776814, "y1s_y2m2_count": 659665, "y1m2_y1m2": 0.011279015090562084, "y1m2_y1m2_count": 1357968, "y2m2_y1m2": -0.0007277935105697932, "y2m2_y1m2_count": 1357968, "y2m2_y2m2": 0.008300546010314214, "y2m2_y2m2_count": 1357968, "dym_dym": 0.8079205567190478, "dym_dym_count": 1046764, "y1m_y2m": 0.17349555955397805, "y1m_y2m_count": 1046764, "cov_Am1Am1": 0.007357334854992706, "cov_Am1Psi1": 0.0026700419237984394, "var_psi_m1": 0.007901735878665212, "cov_Am2Am2": 0.011279015090562084, "cov_Am2Psi2": -0.012006808601131878, "var_psi_m2": 0.021035148122015887, "cov_AsAm1": 0.006328009709770742, "cov_AsAm2": 0.004581081534269758, "psi_plus_cov1": -0.0027890591522809795, "psi_plus_cov2": 0.014356636389439802, "var_psi": 0.014468442000340549, "cov_AsPsi1": -0.0029008647631817257, "cov_AsAs": 0.07397081180264137, "var_eps": 0.7789836727183668, "var_bw": 0.14609996358026373, "cov_bw": 0.08291206936040342, "var_wt": 0.014468442000340549, "cov_wt": 0.0009510866129555193, "tot_var": 0.16056840558060428}