{"cores": 1, "ndp": 50, "ndt": 5, "nm": 19892, "ns": 656, "n_firms": 195, "n_workers": 10000, "n_movers": 9344, "mover_quantiles": [149.0, 184.0, 192.0, 196.0, 201.0, 204.15384615384616, 209.0, 213.0, 220.0, 229.0, 249.0], "size_quantiles": [152.0, 188.9867374005305, 195.12020460358056, 200.49376558603493, 204.0, 207.0, 212.0, 216.2863741339492, 223.6868008948546, 231.0, 252.0], "between_firm_var": 1.142750976354435, "var_y": 20.37355343537197, "solver_time": 0.0021876860000062948, "tot_var": 20.67956910229931, "eps_var_ho": 19.70773386106269, "eps_var_fe": 9.599479267933058, "tr_var_ho": 0.009353805618751692, "tr_cov_ho": -0.005278660756207762, "var_fe": 0.7915422142151161, "cov_fe": 0.07294823450049631, "var_ho": 0.6071999024926449, "cov_ho": 0.17697867582667481, "total_time": 0.07004022598266602}