{"ndt": 5, "nm": 19892, "ns": 656, "n_firms": 195, "n_workers": 10000, "var_y": 20.37355343537197, "y1s_y1s": -0.039064054795231125, "y1s_y1s_count": 636, "y1s_var": 5.042527865655012, "y1s_var_count": 656, "y1m_var": 19.70359993172506, "y1m_var_count": 19892, "y2m_var": 19.778050265545666, "y2m_var_count": 19892, "y1s_y1m1": -0.005409922029347457, "y1s_y1m1_count": 656, "y1s_y2m1": -0.018486691557424547, "y1s_y2m1_count": 656, "y1m1_y1m1": -0.10200165406947473, "y1m1_y1m1_count": 19892, "y2m1_y1m1": 0.008143167567503504, "y2m1_y1m1_count": 19892, "y2m1_y2m1": 0.0017661884849190484, "y2m1_y2m1_count": 19892, "y1s_y1m2": 0.03324892546663414, "y1s_y1m2_count": 656, "y1s_y2m2": -0.08733670967985178, "y1s_y2m2_count": 656, "y1m2_y1m2": 0.0063554406888540905, "y1m2_y1m2_count": 19892, "y2m2_y1m2": -0.0003648645874859144, "y2m2_y1m2_count": 19892, "y2m2_y2m2": -0.10414875675684607, "y2m2_y2m2_count": 19892, "dym_dym": 39.36933205970706, "dym_dym_count": 16728, "y1m_y2m": 0.010151893814733208, "y1m_y2m_count": 16728, "cov_Am1Am1": 0.0017661884849190484, "cov_Am1Psi1": 0.006376979082584455, "var_psi_m1": -0.1165218007195627, "cov_Am2Am2": 0.0063554406888540905, "cov_Am2Psi2": -0.006720305276340005, "var_psi_m2": -0.09706358689302015, "cov_AsAm1": -0.024863670640009, "cov_AsAm2": 0.03996923074297414, "psi_plus_cov1": 0.013076769528077091, "psi_plus_cov2": -0.12058563514648593, "var_psi": -0.10679269380629142, "cov_AsPsi1": -0.0007161718121174165, "cov_AsAs": 0.06916098263529513, "var_eps": 39.582917447319645, "var_bw": 0.6916422267835268, "cov_bw": 0.16033192505956037, "var_wt": -0.10679269380629142, "cov_wt": 0.006150528479755741, "tot_var": 0.5848495329772354}