{"cores": 1, "ndp": 50, "ndt": 5, "nm": 19920, "ns": 647, "n_firms": 194, "n_workers": 10000, "n_movers": 9353, "mover_quantiles": [158.0, 186.0, 191.106905370844, 196.0, 201.0, 208.0, 211.0, 215.9972602739726, 222.2852097130243, 234.0, 254.0], "size_quantiles": [161.0, 189.0, 195.0, 200.0, 204.0, 211.0, 214.0, 218.0, 226.0, 238.0, 257.0], "between_firm_var": 1.1595709654477833, "var_y": 20.73005882215681, "solver_time": 0.002652783000002046, "tot_var": 20.917313728524874, "eps_var_ho": 19.942943693709815, "eps_var_fe": 9.717056098150358, "tr_var_ho": 0.011439345566783537, "tr_cov_ho": -0.00828054811776294, "var_fe": 0.8205934050602398, "cov_fe": 0.07658575071078029, "var_ho": 0.5924591805289867, "cov_ho": 0.24172425557638139, "total_time": 0.0777122974395752}