{"ndt": 5, "nm": 19920, "ns": 647, "n_firms": 194, "n_workers": 10000, "var_y": 20.73005882215681, "y1s_y1s": 0.29782075967981136, "y1s_y1s_count": 622, "y1s_var": 5.2250223600410495, "y1s_var_count": 647, "y1m_var": 20.01484274591146, "y1m_var_count": 19920, "y2m_var": 19.894992836806416, "y2m_var_count": 19920, "y1s_y1m1": -0.05184568269408969, "y1s_y1m1_count": 647, "y1s_y2m1": 0.06903955481907854, "y1s_y2m1_count": 647, "y1m1_y1m1": -0.11691519691844801, "y1m1_y1m1_count": 19920, "y2m1_y1m1": -0.008101714354365748, "y2m1_y1m1_count": 19920, "y2m1_y2m1": -0.0053046027980639225, "y2m1_y2m1_count": 19920, "y1s_y1m2": -0.06414458221549317, "y1s_y1m2_count": 647, "y1s_y2m2": -0.07171969853487897, "y1s_y2m2_count": 647, "y1m2_y1m2": 0.016237998257217168, "y1m2_y1m2_count": 19920, "y2m2_y1m2": 0.0018965446353276369, "y2m2_y1m2_count": 19920, "y2m2_y2m2": -0.12907650428816145, "y2m2_y2m2_count": 19920, "dym_dym": 39.52965018588591, "dym_dym_count": 16779, "y1m_y2m": 0.20604727598791084, "y1m_y2m_count": 16779, "cov_Am1Am1": -0.0053046027980639225, "cov_Am1Psi1": -0.0027971115563018255, "var_psi_m1": -0.10601637100778044, "cov_Am2Am2": 0.016237998257217168, "cov_Am2Psi2": -0.01434145362188953, "var_psi_m2": -0.11663159530159956, "cov_AsAm1": 0.07183666637538037, "cov_AsAm2": -0.04980312859360364, "psi_plus_cov1": -0.12088523751316824, "psi_plus_cov2": -0.007575116319385802, "var_psi": -0.11132398315469, "cov_AsPsi1": -0.017136370677864055, "cov_AsAs": 0.44341748419022947, "var_eps": 39.752298152195294, "var_bw": 0.6563835501556579, "cov_bw": 0.19664295272925944, "var_wt": -0.11132398315469, "cov_wt": -0.003248198280260145, "tot_var": 0.5450595670009679}